Entity_ID,Tx_Count,Address_Count,Total_Received,Total_Sent,Balance
Cluster_99,382,73,1532.4805979,1530.9532683099999,1.5273295900001358
Cluster_9,78,1,1.45825149,1.43313958,0.025111910000000126
Cluster_14,38,1,0.82986185,1.1622961,-0.33243425000000004
Cluster_3,31,9,28.99097932,32.91463135,-3.9236520299999995
Cluster_21,15,323,1.3700120199999999,30.30201265,-28.93200063
Cluster_250,12,1,30.0,62.0,-32.0
Cluster_18,10,6,4.39218997,2.56605972,1.8261302500000003
Cluster_6,8,5,0.0,501.611,-501.611
Cluster_15,7,22,16.030240000000003,37.02351401,-20.993274009999997
Cluster_67,7,3,14.602049999999998,13.51465,1.0873999999999988
Cluster_61,7,5,7.703,3.3689999999999998,4.3340000000000005
Cluster_70,6,7,2.77765,4.17500389,-1.3973538900000002
Cluster_599,6,4,6.332,6.324999999999999,0.007000000000000561
Cluster_39,6,4,2.3572431,5.87393457,-3.5166914700000005
Cluster_284,6,1,0.000153,0.0,0.000153
Cluster_17,6,4,10.61372,3.76472,6.849
Cluster_181,6,1,7.5086441399999995,9.36782614,-1.8591820000000006
Cluster_5,5,8,0.0,300.48768793,-300.48768793
Cluster_84,5,2,1.29953994,1.29422409,0.005315850000000122
Cluster_504,4,3,1.60315976,1.77292496,-0.16976520000000006
Cluster_574,4,2,5.414499999999999,12.296,-6.8815
Cluster_10,4,2,17.5,20.63,-3.129999999999999
Cluster_550,4,1,0.9468590299999999,0.94397015,0.0028888799999999826
Cluster_588,4,2,4.8745,6.827,-1.9524999999999997
Cluster_182,4,1,5.39360733,3.04975725,2.34385008
Cluster_164,4,1,16.3220962,9.53078484,6.79131136
Cluster_28,4,3,0.27047389,0.27097389,-0.0005000000000000004
Cluster_34,4,3,0.79143805,1.76743805,-0.976
Cluster_157,4,4,24.4845,25.4865,-1.001999999999999
Cluster_121,3,1,50.0,150.00900000000001,-100.00900000000001
Cluster_4,3,4,4.96458635,5.01627877,-0.05169242000000018
Cluster_418,3,1,0.00068,0.0,0.00068
Cluster_423,3,1,0.0005200000000000001,0.0,0.0005200000000000001
Cluster_420,3,2,7.562799999999999,7.562799999999999,0.0
Cluster_422,3,1,0.00112,0.0,0.00112
Cluster_590,3,3,3.336,5.827,-2.491
Cluster_638,3,2,0.35838576,0.16569238,0.19269338
Cluster_402,3,1,0.0007199999999999999,0.0,0.0007199999999999999
Cluster_156,3,1,12.018650000000001,11.1385,0.8801500000000004
Cluster_274,3,1,33.17485078,33.18635078,-0.011499999999998067
Cluster_403,3,1,0.00054,0.0,0.00054
Cluster_363,3,1,0.0492815,0.04928149,1.0000000001675335e-08
Cluster_361,3,1,0.063153,0.06315299,9.999999994736442e-09
Cluster_359,3,1,0.07697557,0.07697556,9.999999994736442e-09
Cluster_365,3,1,0.039944,0.03994399,1.0000000001675335e-08
Cluster_220,3,1,10.321250000000001,10.3185,0.0027500000000006963
Cluster_209,3,1,1.83323026,0.5,1.33323026
Cluster_227,3,1,8.19435,7.1185,1.07585
Cluster_226,3,1,7.2787500000000005,7.2785,0.00025000000000030553
Cluster_224,3,1,8.40075,8.3985,0.0022500000000000853
Cluster_223,3,1,9.664250000000001,9.6585,0.00575000000000081
Cluster_225,3,1,8.914349999999999,7.8385,1.075849999999999
Cluster_94,3,3,18.32458,18.42616,-0.10157999999999845
Cluster_86,2,2,2.0,2.00346993,-0.0034699300000000655
Cluster_80,2,2,18.325,18.425,-0.10000000000000142
Cluster_78,2,2,18.3305,18.430500000000002,-0.10000000000000142
Cluster_88,2,2,18.339,18.439,-0.10000000000000142
Cluster_90,2,2,18.34,18.44,-0.10000000000000142
Cluster_93,2,2,18.3325,18.4325,-0.10000000000000142
Cluster_96,2,2,18.3275,18.427500000000002,-0.10000000000000142
Cluster_79,2,2,18.3385,18.4385,-0.10000000000000142
Cluster_76,2,2,18.333,18.433,-0.10000000000000142
Cluster_74,2,2,18.3335,18.433500000000002,-0.10000000000000142
Cluster_75,2,2,18.329,18.429000000000002,-0.10000000000000142
Cluster_72,2,2,18.3255,18.425500000000003,-0.10000000000000142
Cluster_73,2,17,0.0,1221.2308410599999,-1221.2308410599999
Cluster_69,2,2,18.33,18.43,-0.10000000000000142
Cluster_7,2,2,18.3405,18.4405,-0.10000000000000142
Cluster_68,2,2,4.0,8.0,-4.0
Cluster_681,2,1,3.8600000000000003,0.0,3.8600000000000003
Cluster_641,2,1,27470.5934765,27470.5934765,0.0
Cluster_643,2,1,9448.90131975,9448.90131975,0.0
Cluster_645,2,1,27468.3829765,27468.3829765,0.0
Cluster_183,2,1,0.0155,5.0877,-5.0722
Cluster_16,2,4,1.0,52.68421516,-51.68421516
Cluster_162,2,1,132.99431192,132.99431192,0.0
Cluster_63,2,2,18.337,18.437,-0.10000000000000142
Cluster_62,2,2,18.326,18.426000000000002,-0.10000000000000142
Cluster_586,2,2,0.2670209,0.4267209,-0.1597
Cluster_59,2,1,1.7293644,2.01603985,-0.28667544999999994
Cluster_593,2,1,0.6615,0.6615,0.0
Cluster_60,2,2,18.3315,18.4315,-0.10000000000000142
Cluster_601,2,1,23.33291653,23.33291653,0.0
Cluster_578,2,1,0.68414926,0.0,0.68414926
Cluster_56,2,2,18.338,18.438000000000002,-0.10000000000000142
Cluster_561,2,1,9449.88514775,9449.88514775,0.0
Cluster_536,2,1,4.7087189,0.0,4.7087189
Cluster_540,2,1,11.96,0.0,11.96
Cluster_20,2,1,22.72983333,52.73183333,-30.002
Cluster_547,2,1,11.50396,11.50396,0.0
Cluster_55,2,8,0.1,10.011029470000002,-9.911029470000003
Cluster_553,2,1,27970.5939765,27970.5939765,0.0
Cluster_526,2,1,2.21316523,2.21316523,0.0
Cluster_53,2,2,18.3395,18.439500000000002,-0.10000000000000142
Cluster_52,2,2,18.3355,18.4355,-0.10000000000000142
Cluster_48,2,2,18.332,18.432000000000002,-0.10000000000000142
Cluster_465,2,1,11.50914,11.50914,0.0
Cluster_469,2,1,0.00016,0.0,0.00016
Cluster_47,2,2,18.327,18.427000000000003,-0.10000000000000142
Cluster_471,2,1,0.00048000000000000007,0.0,0.00048000000000000007
Cluster_472,2,1,11.50784,11.50784,0.0
Cluster_475,2,1,0.00016,0.0,0.00016
Cluster_476,2,1,11.50622,11.50622,0.0
Cluster_46,2,2,18.3365,18.436500000000002,-0.10000000000000142
Cluster_208,2,1,0.002,1.0,-0.998
Cluster_214,2,1,1.08157792,1.6025784,-0.5210004800000001
Cluster_19,2,8,0.0,3.1305199999999997,-3.1305199999999997
Cluster_191,2,1,61.97264239,61.97264239,0.0
Cluster_419,2,1,0.002,0.0,0.002
Cluster_42,2,5,8e-05,0.16410448,-0.16402448
Cluster_421,2,1,0.00039999999999999996,0.0,0.00039999999999999996
Cluster_115,2,1,28238.0411435,28238.0411435,0.0
Cluster_406,2,1,3.7839,3.7839,0.0
Cluster_407,2,1,0.0006,0.0,0.0006
Cluster_408,2,1,3.7831,3.7831,0.0
Cluster_41,2,5,0.1504,14.849039999999999,-14.69864
Cluster_413,2,1,0.00048000000000000007,0.0,0.00048000000000000007
Cluster_414,2,1,11.51164,11.51164,0.0
Cluster_398,2,1,3.7856,3.7856,0.0
Cluster_400,2,1,0.00034,0.0,0.00034
Cluster_401,2,1,0.0002,0.0,0.0002
Cluster_216,2,1,0.00175,1.4935,-1.4917500000000001
Cluster_217,2,1,0.007,1.87822,-1.87122
Cluster_218,2,1,0.00075,1.27155,-1.2708
Cluster_219,2,1,0.00025,0.17015,-0.1699
Cluster_221,2,1,1.66295,1.27155,0.39139999999999997
Cluster_222,2,1,0.00425,1.66295,-1.6586999999999998
Cluster_228,2,2,12.557,6.5585,5.9985
Cluster_23,2,2,18.336,18.436,-0.10000000000000142
Cluster_378,2,1,27.86217311,27.86217311,0.0
Cluster_38,2,2,18.3345,18.4345,-0.10000000000000142
Cluster_380,2,1,27.70394826,27.70394826,0.0
Cluster_382,2,1,26.61925566,26.61925566,0.0
Cluster_384,2,1,26.07638427,26.07638427,0.0
Cluster_386,2,1,25.96915353,25.96915353,0.0
Cluster_388,2,1,25.86161384,25.86161384,0.0
Cluster_362,2,1,1e-08,0.06142949,-0.06142948
Cluster_155,2,1,0.007,12.6485,-12.6415
Cluster_13,2,2,18.331,18.431,-0.10000000000000142
Cluster_233,2,1,0.07975392,0.09295457,-0.013200649999999994
Cluster_235,2,1,0.05300261,0.06637826,-0.013375649999999996
Cluster_24,2,2,18.334,18.434,-0.10000000000000142
Cluster_240,2,1,0.0595,0.0305,0.028999999999999998
Cluster_367,2,1,60.05175401,60.05175401,0.0
Cluster_369,2,1,29.69002182,29.69002182,0.0
Cluster_37,2,11,0.0,8.823228779999999,-8.823228779999999
Cluster_371,2,1,28.68774694,28.68774694,0.0
Cluster_373,2,1,28.53640203,28.53640203,0.0
Cluster_375,2,1,27.96944092,27.96944092,0.0
Cluster_347,2,1,60.50821616,60.50821616,0.0
Cluster_349,2,1,60.15590641,60.15590641,0.0
Cluster_35,2,2,18.3375,18.4375,-0.10000000000000142
Cluster_231,2,1,0.03962696,0.06637826,-0.026751299999999992
Cluster_354,2,1,1e-08,8.45435255,-8.454352539999999
Cluster_356,2,1,1e-08,6.42088303,-6.42088302
Cluster_358,2,1,1e-08,0.09268856,-0.09268855000000001
Cluster_36,2,2,18.3265,18.4265,-0.10000000000000142
Cluster_360,2,1,1e-08,0.08103999,-0.08103998000000001
Cluster_334,2,1,0.36558635,0.36558635,0.0
Cluster_341,2,1,21.72626072,21.72626072,0.0
Cluster_343,2,1,0.01953848,0.02529824,-0.005759759999999999
Cluster_345,2,1,60.82425452,60.82425452,0.0
Cluster_321,2,2,0.0671505,0.033838,0.0333125
Cluster_322,2,1,2.06708635,2.06708635,0.0
Cluster_324,2,1,1.56658635,1.56658635,0.0
Cluster_326,2,1,2.7975,2.7975,0.0
Cluster_328,2,1,0.56608635,0.56608635,0.0
Cluster_33,2,4,0.1006213,15.11434865,-15.01372735
Cluster_330,2,1,2.297,2.297,0.0
Cluster_304,2,1,27971.2125335,27971.2125335,0.0
Cluster_307,2,1,22.759577,22.759577,0.0
Cluster_309,2,1,4.7995,4.7995,0.0
Cluster_248,2,1,1.093389,1.093389,0.0
Cluster_25,2,2,18.328,18.428,-0.10000000000000142
Cluster_31,2,2,0.03,0.07,-0.04000000000000001
Cluster_311,2,1,4.299,4.299,0.0
Cluster_313,2,1,3.7985,3.7985,0.0
Cluster_315,2,1,3.298,3.298,0.0
Cluster_291,2,1,0.0343635,0.0343635,0.0
Cluster_292,2,1,28039.0823635,28039.0823635,0.0
Cluster_294,2,1,2.76808635,2.76808635,0.0
Cluster_296,2,1,28032.2022335,28032.2022335,0.0
Cluster_298,2,1,2.26758635,2.26758635,0.0
Cluster_30,2,2,18.3285,18.4285,-0.10000000000000142
Cluster_300,2,1,28017.7235335,28017.7235335,0.0
Cluster_302,2,1,27996.7230335,27996.7230335,0.0
Cluster_277,2,1,3.46908635,3.46908635,0.0
Cluster_283,2,2,2.9479755,1.4742505,1.4737250000000002
Cluster_286,2,1,0.034889,0.034889,0.0
Cluster_287,2,1,28237.5928635,28237.5928635,0.0
Cluster_289,2,1,2.96858635,2.96858635,0.0
Cluster_26,2,2,1.0,1.01000431,-0.010004310000000016
Cluster_82,2,2,18.335,18.435000000000002,-0.10000000000000142
Cluster_109,2,1,9458.15591855,9458.15591855,0.0
Cluster_11,2,2,18.3295,18.4295,-0.10000000000000142
Cluster_85,1,1,0.00010432,0.0,0.00010432
Cluster_111,1,1,0.0,12.55343673,-12.55343673
Cluster_110,1,1,8.06876,0.0,8.06876
Cluster_108,1,1,0.0,9466.22517855,-9466.22517855
Cluster_107,1,1,195.76135743,0.0,195.76135743
Cluster_106,1,1,177.49527722,0.0,177.49527722
Cluster_105,1,1,0.0,373.25663465,-373.25663465
Cluster_104,1,1,94.0,0.0,94.0
Cluster_103,1,1,0.0,95.0,-95.0
Cluster_102,1,1,46.26,0.0,46.26
Cluster_101,1,1,55.86,0.0,55.86
Cluster_791,1,1,0.0,0.06324857,-0.06324857
Cluster_790,1,1,0.0041,0.0,0.0041
Cluster_1,1,2,0.0,2.05921368,-2.05921368
Cluster_98,1,1,0.0,2.19,-2.19
Cluster_771,1,1,1.0,0.0,1.0
Cluster_774,1,1,0.01906681,0.0,0.01906681
Cluster_776,1,1,0.0,0.71536941,-0.71536941
Cluster_777,1,1,0.56895895,0.0,0.56895895
Cluster_778,1,1,0.00470996,0.0,0.00470996
Cluster_779,1,1,0.00250424,0.0,0.00250424
Cluster_780,1,1,0.13790021,0.0,0.13790021
Cluster_781,1,1,0.00079605,0.0,0.00079605
Cluster_785,1,1,0.531,0.0,0.531
Cluster_786,1,1,0.13,0.0,0.13
Cluster_168,1,1,8.0,0.0,8.0
Cluster_169,1,1,1.0,0.0,1.0
Cluster_170,1,1,0.0,9.0,-9.0
Cluster_171,1,1,8.0,0.0,8.0
Cluster_143,1,1,40.0,0.0,40.0
Cluster_144,1,1,0.0,12.62960273,-12.62960273
Cluster_275,1,1,0.002,0.0,0.002
Cluster_276,1,1,0.0,3.96958635,-3.96958635
Cluster_278,1,1,0.5,0.0,0.5
Cluster_279,1,1,0.0,0.23312946,-0.23312946
Cluster_280,1,1,0.16849363,0.0,0.16849363
Cluster_281,1,1,0.06413583,0.0,0.06413583
Cluster_282,1,1,0.0,1.474776,-1.474776
Cluster_285,1,1,0.0,0.0354145,-0.0354145
Cluster_288,1,1,0.44778,0.0,0.44778
Cluster_260,1,1,0.0,0.14798296,-0.14798296
Cluster_261,1,1,0.14748295,0.0,0.14748295
Cluster_262,1,1,1e-08,0.0,1e-08
Cluster_263,1,1,0.0,29.8,-29.8
Cluster_264,1,1,29.5995,0.0,29.5995
Cluster_265,1,1,0.2,0.0,0.2
Cluster_266,1,1,0.0,11.8695,-11.8695
Cluster_252,1,1,0.5,0.0,0.5
Cluster_253,1,1,9.4995,0.0,9.4995
Cluster_254,1,1,0.5,0.0,0.5
Cluster_255,1,1,0.0,1.0,-1.0
Cluster_310,1,1,0.2,0.0,0.2
Cluster_312,1,1,0.5,0.0,0.5
Cluster_314,1,1,0.5,0.0,0.5
Cluster_316,1,1,0.5,0.0,0.5
Cluster_317,1,1,0.2,0.0,0.2
Cluster_29,1,2,0.0,63.19597494,-63.19597494
Cluster_290,1,1,0.5,0.0,0.5
Cluster_293,1,1,198.51,0.0,198.51
Cluster_295,1,1,0.2,0.0,0.2
Cluster_297,1,1,6.87963,0.0,6.87963
Cluster_299,1,1,0.5,0.0,0.5
Cluster_301,1,1,14.4782,0.0,14.4782
Cluster_329,1,1,1.0,0.0,1.0
Cluster_331,1,1,0.5,0.0,0.5
Cluster_303,1,1,21.0,0.0,21.0
Cluster_305,1,1,25.51,0.0,25.51
Cluster_306,1,1,0.0,22.770077,-22.770077
Cluster_308,1,1,0.01,0.0,0.01
Cluster_269,1,1,19.4995,0.0,19.4995
Cluster_270,1,1,0.5,0.0,0.5
Cluster_271,1,1,0.0,10.0,-10.0
Cluster_272,1,1,8.9995,0.0,8.9995
Cluster_273,1,1,1.0,0.0,1.0
Cluster_245,1,1,1.0,0.0,1.0
Cluster_246,1,1,3.4695,0.0,3.4695
Cluster_247,1,1,0.0,1.09389,-1.09389
Cluster_249,1,1,1e-06,0.0,1e-06
Cluster_251,1,1,14.4995,0.0,14.4995
Cluster_335,1,1,0.2,0.0,0.2
Cluster_336,1,1,0.2,0.0,0.2
Cluster_337,1,1,0.0,0.26905604,-0.26905604
Cluster_338,1,1,0.22270095,0.0,0.22270095
Cluster_339,1,1,0.04585509,0.0,0.04585509
Cluster_340,1,1,0.0,24.72591826,-24.72591826
Cluster_342,1,1,2.99915754,0.0,2.99915754
Cluster_344,1,1,0.01479824,0.0,0.01479824
Cluster_346,1,1,1.14788787,0.0,1.14788787
Cluster_318,1,1,0.0,0.08899978,-0.08899978
Cluster_319,1,1,0.08849977,0.0,0.08849977
Cluster_32,1,1,0.0,1.5139153699999999,-1.5139153699999999
Cluster_320,1,1,1e-08,0.0,1e-08
Cluster_323,1,1,0.2,0.0,0.2
Cluster_325,1,1,0.5,0.0,0.5
Cluster_327,1,1,0.5,0.0,0.5
Cluster_146,1,1,12.61920273,0.0,12.61920273
Cluster_147,1,1,0.01344,0.0,0.01344
Cluster_148,1,1,65.0,0.0,65.0
Cluster_149,1,1,35.5295,0.0,35.5295
Cluster_150,1,1,4.47,0.0,4.47
Cluster_151,1,1,23.7195,0.0,23.7195
Cluster_152,1,1,44.75,0.0,44.75
Cluster_153,1,1,0.01006493,0.0,0.01006493
Cluster_154,1,1,65.0,0.0,65.0
Cluster_351,1,1,0.0,1.01170264,-1.01170264
Cluster_352,1,1,0.00120264,0.0,0.00120264
Cluster_353,1,1,1.01,0.0,1.01
Cluster_355,1,1,8.44366055,0.0,8.44366055
Cluster_357,1,1,6.40707103,0.0,6.40707103
Cluster_332,1,1,2.0965,0.0,2.0965
Cluster_333,1,1,0.2,0.0,0.2
Cluster_241,1,1,0.0,0.49263337,-0.49263337
Cluster_242,1,1,0.49213337,0.0,0.49213337
Cluster_243,1,1,0.0,1.34163554,-1.34163554
Cluster_366,1,1,0.01349099,0.0,0.01349099
Cluster_368,1,1,0.1036524,0.0,0.1036524
Cluster_370,1,1,30.36123219,0.0,30.36123219
Cluster_372,1,1,1.00177488,0.0,1.00177488
Cluster_374,1,1,0.15084491,0.0,0.15084491
Cluster_348,1,1,0.31553836,0.0,0.31553836
Cluster_350,1,1,0.35180975,0.0,0.35180975
Cluster_256,1,1,0.0495,0.0,0.0495
Cluster_257,1,1,0.95,0.0,0.95
Cluster_258,1,1,6.4995,0.0,6.4995
Cluster_259,1,1,0.5,0.0,0.5
Cluster_230,1,1,2.1,0.0,2.1
Cluster_145,1,1,0.0104,0.0,0.0104
Cluster_205,1,1,0.0,150.0,-150.0
Cluster_377,1,1,0.04257756,0.0,0.04257756
Cluster_379,1,1,0.10676781,0.0,0.10676781
Cluster_381,1,1,0.15772485,0.0,0.15772485
Cluster_383,1,1,1.0841926,0.0,1.0841926
Cluster_385,1,1,0.54237139,0.0,0.54237139
Cluster_387,1,1,0.10673074,0.0,0.10673074
Cluster_389,1,1,0.10703969,0.0,0.10703969
Cluster_364,1,1,0.02891049,0.0,0.02891049
Cluster_129,1,1,38.79805948,0.0,38.79805948
Cluster_232,1,1,0.03137826,0.0,0.03137826
Cluster_234,1,1,0.02795457,0.0,0.02795457
Cluster_236,1,1,0.02137826,0.0,0.02137826
Cluster_237,1,1,0.01097389,0.0,0.01097389
Cluster_238,1,1,0.0,1.0005,-1.0005
Cluster_239,1,1,1.0,0.0,1.0
Cluster_392,1,1,0.0,1.53204224,-1.53204224
Cluster_393,1,1,0.80157686,0.0,0.80157686
Cluster_394,1,1,0.50162784,0.0,0.50162784
Cluster_395,1,1,0.12594559,0.0,0.12594559
Cluster_396,1,1,0.10239195,0.0,0.10239195
Cluster_397,1,1,0.0,3.7866,-3.7866
Cluster_399,1,1,0.0002,0.0,0.0002
Cluster_40,1,2,0.0,332.30784009,-332.30784009
Cluster_376,1,1,0.56646111,0.0,0.56646111
Cluster_244,1,1,0.34113554,0.0,0.34113554
Cluster_22,1,2,0.0,93.84151064,-93.84151064
Cluster_229,1,1,0.08,0.0,0.08
Cluster_201,1,1,0.0144,0.0,0.0144
Cluster_202,1,1,1.4009,0.0,1.4009
Cluster_203,1,1,0.01,0.0,0.01
Cluster_204,1,1,29.83,0.0,29.83
Cluster_137,1,1,0.0,90.0,-90.0
Cluster_138,1,1,89.0,0.0,89.0
Cluster_139,1,1,1.0,0.0,1.0
Cluster_140,1,1,0.4141,0.0,0.4141
Cluster_141,1,1,65.0,0.0,65.0
Cluster_142,1,1,0.04005,0.0,0.04005
Cluster_114,1,1,0.0,28238.2544155,-28238.2544155
Cluster_409,1,1,0.0,11.51302,-11.51302
Cluster_410,1,1,8e-05,0.0,8e-05
Cluster_411,1,1,0.00016,0.0,0.00016
Cluster_412,1,1,0.00024,0.0,0.00024
Cluster_415,1,1,8e-05,0.0,8e-05
Cluster_416,1,1,0.00171368,0.0,0.00171368
Cluster_417,1,1,2.057,0.0,2.057
Cluster_390,1,1,0.002,0.0,0.002
Cluster_391,1,1,0.002,0.0,0.002
Cluster_427,1,1,0.1,0.0,0.1
Cluster_428,1,1,0.1,0.0,0.1
Cluster_429,1,1,0.1,0.0,0.1
Cluster_43,1,3,0.0,2.01812047,-2.01812047
Cluster_430,1,1,0.1,0.0,0.1
Cluster_431,1,1,0.1,0.0,0.1
Cluster_432,1,1,0.1,0.0,0.1
Cluster_404,1,1,0.0003,0.0,0.0003
Cluster_405,1,1,0.0003,0.0,0.0003
Cluster_130,1,1,0.0,207.58101144,-207.58101144
Cluster_131,1,1,106.71558402,0.0,106.71558402
Cluster_132,1,1,100.86542742,0.0,100.86542742
Cluster_133,1,1,0.01000765,0.0,0.01000765
Cluster_134,1,1,613.729458,0.0,613.729458
Cluster_135,1,1,0.2695,0.0,0.2695
Cluster_136,1,1,70.85,0.0,70.85
Cluster_215,1,1,1.0625784,0.0,1.0625784
Cluster_187,1,1,0.0,6.0,-6.0
Cluster_188,1,1,5.0,0.0,5.0
Cluster_189,1,1,1.0,0.0,1.0
Cluster_190,1,1,0.0,64.29546519,-64.29546519
Cluster_192,1,1,2.3228228,0.0,2.3228228
Cluster_442,1,1,0.1,0.0,0.1
Cluster_443,1,1,0.1,0.0,0.1
Cluster_444,1,1,0.1,0.0,0.1
Cluster_445,1,1,0.1,0.0,0.1
Cluster_446,1,1,0.1,0.0,0.1
Cluster_447,1,1,0.1,0.0,0.1
Cluster_448,1,1,0.1,0.0,0.1
Cluster_424,1,1,0.1,0.0,0.1
Cluster_425,1,1,0.1,0.0,0.1
Cluster_426,1,1,0.1,0.0,0.1
Cluster_462,1,1,0.68,0.0,0.68
Cluster_433,1,1,0.02044875,0.0,0.02044875
Cluster_434,1,1,1.627,0.0,1.627
Cluster_435,1,1,0.1,0.0,0.1
Cluster_436,1,1,0.1,0.0,0.1
Cluster_437,1,1,0.1,0.0,0.1
Cluster_438,1,1,0.1,0.0,0.1
Cluster_439,1,1,0.1,0.0,0.1
Cluster_440,1,1,0.1,0.0,0.1
Cluster_441,1,1,0.1,0.0,0.1
Cluster_206,1,1,49.96,0.0,49.96
Cluster_207,1,1,100.0,0.0,100.0
Cluster_210,1,1,0.0,4.0,-4.0
Cluster_211,1,1,3.0,0.0,3.0
Cluster_212,1,1,1.0,0.0,1.0
Cluster_213,1,1,0.1,0.0,0.1
Cluster_474,1,1,8e-05,0.0,8e-05
Cluster_477,1,1,8e-05,0.0,8e-05
Cluster_449,1,1,0.1,0.0,0.1
Cluster_45,1,5,0.0,126.94,-126.94
Cluster_450,1,1,0.1,0.0,0.1
Cluster_451,1,1,0.1,0.0,0.1
Cluster_452,1,1,0.1,0.0,0.1
Cluster_453,1,1,0.1,0.0,0.1
Cluster_454,1,1,0.1,0.0,0.1
Cluster_455,1,1,0.1,0.0,0.1
Cluster_456,1,1,0.1,0.0,0.1
Cluster_457,1,1,0.1,0.0,0.1
Cluster_458,1,1,0.01133759,0.0,0.01133759
Cluster_459,1,1,0.01,0.0,0.01
Cluster_460,1,1,2.985,0.0,2.985
Cluster_461,1,1,6.116e-05,0.0,6.116e-05
Cluster_484,1,1,3.48,0.0,3.48
Cluster_485,1,1,0.01126425,0.0,0.01126425
Cluster_486,1,1,0.01002947,0.0,0.01002947
Cluster_487,1,1,10.0,0.0,10.0
Cluster_488,1,1,0.00072,0.0,0.00072
Cluster_489,1,1,0.01000063,0.0,0.01000063
Cluster_49,1,2,0.0,18.441000000000003,-18.441000000000003
Cluster_490,1,1,0.01002,0.0,0.01002
Cluster_491,1,1,0.124,0.0,0.124
Cluster_463,1,1,0.00032,0.0,0.00032
Cluster_464,1,1,0.00016,0.0,0.00016
Cluster_466,1,1,8e-05,0.0,8e-05
Cluster_467,1,1,8e-05,0.0,8e-05
Cluster_468,1,1,0.00032,0.0,0.00032
Cluster_470,1,1,8e-05,0.0,8e-05
Cluster_473,1,1,8e-05,0.0,8e-05
Cluster_496,1,1,5.6,0.0,5.6
Cluster_497,1,1,6.70410816,0.0,6.70410816
Cluster_498,1,1,0.0,3.19454144,-3.19454144
Cluster_499,1,1,0.0114,0.0,0.0114
Cluster_50,1,1,0.28893805,0.0,0.28893805
Cluster_500,1,1,3.18314144,0.0,3.18314144
Cluster_501,1,1,0.0,2.4455,-2.4455
Cluster_502,1,1,0.0118,0.0,0.0118
Cluster_503,1,1,2.4337,0.0,2.4337
Cluster_506,1,1,0.0,0.56,-0.56
Cluster_478,1,1,8e-05,0.0,8e-05
Cluster_479,1,1,0.01,0.0,0.01
Cluster_480,1,1,0.01001591,0.0,0.01001591
Cluster_481,1,1,0.01577877,0.0,0.01577877
Cluster_482,1,1,5.0,0.0,5.0
Cluster_483,1,1,0.0135,0.0,0.0135
Cluster_51,1,1,0.0,1.0134254,-1.0134254
Cluster_510,1,1,29.5995,0.0,29.5995
Cluster_511,1,1,0.2,0.0,0.2
Cluster_512,1,1,0.0,29.599,-29.599
Cluster_513,1,1,29.099,0.0,29.099
Cluster_514,1,1,0.5,0.0,0.5
Cluster_515,1,1,0.01812047,0.0,0.01812047
Cluster_516,1,1,0.06840194,0.0,0.06840194
Cluster_517,1,1,8.39,0.0,8.39
Cluster_518,1,1,0.0,0.54140331,-0.54140331
Cluster_519,1,1,0.0121,0.0,0.0121
Cluster_520,1,1,0.52930331,0.0,0.52930331
Cluster_492,1,1,0.01001388,0.0,0.01001388
Cluster_493,1,1,0.0002,0.0,0.0002
Cluster_494,1,1,0.4,0.0,0.4
Cluster_495,1,1,0.0,12.30410816,-12.30410816
Cluster_522,1,1,0.02,0.0,0.02
Cluster_523,1,1,0.0,1.6,-1.6
Cluster_524,1,1,1.4491,0.0,1.4491
Cluster_525,1,1,0.0,7.32301676,-7.32301676
Cluster_527,1,1,5.10985153,0.0,5.10985153
Cluster_528,1,1,0.16410448,0.0,0.16410448
Cluster_529,1,1,2.0,0.0,2.0
Cluster_530,1,1,0.07084226,0.0,0.07084226
Cluster_531,1,1,50.0995,0.0,50.0995
Cluster_532,1,1,0.0,33.78046675,-33.78046675
Cluster_533,1,1,33.77435564,0.0,33.77435564
Cluster_534,1,1,0.00111111,0.0,0.00111111
Cluster_535,1,1,0.0,47.49626613,-47.49626613
Cluster_507,1,1,0.325,0.0,0.325
Cluster_508,1,1,0.2349,0.0,0.2349
Cluster_509,1,1,0.0,29.7995,-29.7995
Cluster_199,1,1,11.19,0.0,11.19
Cluster_200,1,1,0.0,1.4153,-1.4153
Cluster_172,1,1,1.0,0.0,1.0
Cluster_173,1,1,13.6295,0.0,13.6295
Cluster_174,1,1,22.37,0.0,22.37
Cluster_175,1,1,0.0,2.3876,-2.3876
Cluster_176,1,1,0.0126,0.0,0.0126
Cluster_177,1,1,2.375,0.0,2.375
Cluster_178,1,1,0.0,128.84346375,-128.84346375
Cluster_543,1,1,0.00032,0.0,0.00032
Cluster_544,1,1,0.00032,0.0,0.00032
Cluster_545,1,1,0.00032,0.0,0.00032
Cluster_546,1,1,8e-05,0.0,8e-05
Cluster_548,1,1,0.00032,0.0,0.00032
Cluster_554,1,1,0.618557,0.0,0.618557
Cluster_521,1,1,0.9397,0.9598,-0.020100000000000007
Cluster_564,1,1,2.9,0.0,2.9
Cluster_565,1,1,0.0,68.88882942,-68.88882942
Cluster_566,1,1,67.88882942,0.0,67.88882942
Cluster_567,1,1,1.0,0.0,1.0
Cluster_568,1,1,0.0,32.32031624,-32.32031624
Cluster_569,1,1,16.15658424,0.0,16.15658424
Cluster_537,1,1,46.49626613,0.0,46.49626613
Cluster_538,1,1,0.0,19.86,-19.86
Cluster_539,1,1,10.88,0.0,10.88
Cluster_54,1,3,0.0,0.68106116,-0.68106116
Cluster_193,1,1,0.01001893,0.0,0.01001893
Cluster_194,1,1,44.0503,0.0,44.0503
Cluster_195,1,1,0.0,16.17625907,-16.17625907
Cluster_196,1,1,14.49418559,0.0,14.49418559
Cluster_197,1,1,1.68207348,0.0,1.68207348
Cluster_198,1,1,2.1695,0.0,2.1695
Cluster_577,1,1,42.1923129,0.0,42.1923129
Cluster_579,1,1,0.0,37.49149127,-37.49149127
Cluster_58,1,5,0.0,0.36264487,-0.36264487
Cluster_580,1,1,32.49149127,0.0,32.49149127
Cluster_581,1,1,5.0,0.0,5.0
Cluster_582,1,1,0.0,8.16,-8.16
Cluster_583,1,1,0.26971,0.0,0.26971
Cluster_584,1,1,7.89029,0.0,7.89029
Cluster_555,1,1,0.0,230.42313794,-230.42313794
Cluster_556,1,1,0.0121,0.0,0.0121
Cluster_557,1,1,230.41103794,0.0,230.41103794
Cluster_558,1,1,0.0,126.7727,-126.7727
Cluster_559,1,1,65.44806887,0.0,65.44806887
Cluster_560,1,1,61.32463113,0.0,61.32463113
Cluster_562,1,1,8.2702708,0.0,8.2702708
Cluster_563,1,1,0.0,2.9,-2.9
Cluster_619,1,1,0.198998,0.0,0.198998
Cluster_621,1,1,1.4695,0.0,1.4695
Cluster_622,1,1,4.97573029,0.0,4.97573029
Cluster_589,1,1,1.913,0.0,1.913
Cluster_592,1,1,0.0,0.7915,-0.7915
Cluster_594,1,1,0.13,0.0,0.13
Cluster_600,1,1,0.0,24.6139049,-24.6139049
Cluster_602,1,1,1.28048837,0.0,1.28048837
Cluster_603,1,1,0.3879373,0.0,0.3879373
Cluster_604,1,1,0.11203716,0.0,0.11203716
Cluster_57,1,1,2.92640761,4.42660761,-1.5001999999999995
Cluster_570,1,1,16.163232,0.0,16.163232
Cluster_571,1,1,0.02,0.0,0.02
Cluster_572,1,1,126.9,0.0,126.9
Cluster_573,1,1,2.0,0.0,2.0
Cluster_576,1,1,0.0,42.85878074,-42.85878074
Cluster_636,1,1,0.03055183,0.0,0.03055183
Cluster_637,1,1,0.01000372,0.0,0.01000372
Cluster_639,1,1,0.0,0.11627843,-0.11627843
Cluster_64,1,1,0.0,0.0012200000000000002,-0.0012200000000000002
Cluster_640,1,1,0.01515713,0.0,0.01515713
Cluster_605,1,1,14.73600284,0.0,14.73600284
Cluster_606,1,1,0.0,30.03824899,-30.03824899
Cluster_607,1,1,29.79426711,0.0,29.79426711
Cluster_608,1,1,0.24398188,0.0,0.24398188
Cluster_612,1,1,21.51822268,0.0,21.51822268
Cluster_613,1,1,0.20753804,0.0,0.20753804
Cluster_614,1,1,0.0,0.3662,-0.3662
Cluster_615,1,1,0.3562,0.0,0.3562
Cluster_616,1,1,0.01,0.0,0.01
Cluster_617,1,1,0.0,0.399,-0.399
Cluster_618,1,1,0.200002,0.0,0.200002
Cluster_160,1,1,65.0,0.0,65.0
Cluster_161,1,1,0.0,134.12134869,-134.12134869
Cluster_163,1,1,1.12703677,0.0,1.12703677
Cluster_165,1,1,1.0495,0.0,1.0495
Cluster_166,1,1,7.46,0.0,7.46
Cluster_167,1,1,0.0,9.0,-9.0
Cluster_655,1,1,44.553,0.0,44.553
Cluster_623,1,1,0.0,0.63502054,-0.63502054
Cluster_624,1,1,0.18334139,0.0,0.18334139
Cluster_625,1,1,0.45067915,0.0,0.45067915
Cluster_628,1,1,1.6595,0.0,1.6595
Cluster_629,1,1,1.47,0.0,1.47
Cluster_630,1,1,0.01121287,0.0,0.01121287
Cluster_631,1,1,4.8,0.0,4.8
Cluster_632,1,1,1.71185582,0.0,1.71185582
Cluster_633,1,1,0.50130941,0.0,0.50130941
Cluster_647,1,1,9446.88176225,0.0,9446.88176225
Cluster_648,1,1,2.0190575,0.0,2.0190575
Cluster_649,1,1,0.01000124,0.0,0.01000124
Cluster_65,1,9,0.0,44.06031893,-44.06031893
Cluster_650,1,1,853.0,0.0,853.0
Cluster_651,1,1,0.0,45.58938148,-45.58938148
Cluster_652,1,1,45.26246573,0.0,45.26246573
Cluster_653,1,1,0.32691575,0.0,0.32691575
Cluster_654,1,1,0.0,44.683,-44.683
Cluster_179,1,1,126.84346375,0.0,126.84346375
Cluster_180,1,1,2.0,0.0,2.0
Cluster_184,1,1,0.0,6.0,-6.0
Cluster_185,1,1,5.0,0.0,5.0
Cluster_186,1,1,1.0,0.0,1.0
Cluster_158,1,1,1.0,0.0,1.0
Cluster_159,1,1,0.010033,0.0,0.010033
Cluster_658,1,1,0.5,0.0,0.5
Cluster_659,1,1,30.0,0.0,30.0
Cluster_66,1,4,0.0,791.61002811,-791.61002811
Cluster_660,1,1,27453.1985765,0.0,27453.1985765
Cluster_661,1,1,15.1844,0.0,15.1844
Cluster_662,1,1,332.30784009,0.0,332.30784009
Cluster_663,1,1,30.0,0.0,30.0
Cluster_664,1,1,0.0,49.997,-49.997
Cluster_665,1,1,28.517,0.0,28.517
Cluster_666,1,1,21.48,0.0,21.48
Cluster_667,1,1,47.8695,0.0,47.8695
Cluster_668,1,1,186.44,0.0,186.44
Cluster_669,1,1,0.60902811,0.0,0.60902811
Cluster_642,1,1,500.0,0.0,500.0
Cluster_644,1,1,0.983328,0.0,0.983328
Cluster_646,1,1,2.21,0.0,2.21
Cluster_670,1,1,791.0,0.0,791.0
Cluster_671,1,2,3.9912811,7.7,-3.7087189
Cluster_673,1,1,11.10934865,0.0,11.10934865
Cluster_674,1,1,4.0,0.0,4.0
Cluster_675,1,1,0.01001041,0.0,0.01001041
Cluster_676,1,1,607.481365,0.0,607.481365
Cluster_677,1,1,13.9,0.0,13.9
Cluster_678,1,1,79.93651064,0.0,79.93651064
Cluster_679,1,1,1.5,0.0,1.5
Cluster_680,1,1,0.0,11.28178371,-11.28178371
Cluster_682,1,1,7.68178371,0.0,7.68178371
Cluster_683,1,1,0.0,341.81516294,-341.81516294
Cluster_684,1,1,184.06310541,0.0,184.06310541
Cluster_685,1,1,157.75205753,0.0,157.75205753
Cluster_656,1,1,0.13,0.0,0.13
Cluster_657,1,1,50.19004132,0.0,50.19004132
Cluster_715,1,1,1.1479712,0.0,1.1479712
Cluster_716,1,1,0.0,1.0,-1.0
Cluster_717,1,1,0.9995,0.0,0.9995
Cluster_686,1,1,42.68421516,0.0,42.68421516
Cluster_687,1,1,10.0,0.0,10.0
Cluster_688,1,1,0.001,0.0,0.001
Cluster_689,1,1,0.02,0.0,0.02
Cluster_690,1,1,8.0,0.0,8.0
Cluster_691,1,1,0.0,0.1,-0.1
Cluster_692,1,1,0.1,0.0,0.1
Cluster_695,1,1,4.7845,0.0,4.7845
Cluster_697,1,1,132.891548,0.0,132.891548
Cluster_698,1,1,0.10276392,0.0,0.10276392
Cluster_699,1,1,1.0,0.0,1.0
Cluster_700,1,2,4.27225164,4.77225164,-0.5
Cluster_702,1,1,3.5,0.0,3.5
Cluster_732,1,1,0.002,0.0,0.002
Cluster_733,1,1,8e-05,0.0,8e-05
Cluster_734,1,1,0.00032,0.0,0.00032
Cluster_703,1,1,0.0,1.98,-1.98
Cluster_704,1,1,0.06,0.0,0.06
Cluster_705,1,1,1.92,0.0,1.92
Cluster_706,1,1,0.01392165,0.0,0.01392165
Cluster_707,1,1,47.56,0.0,47.56
Cluster_708,1,1,0.0,33.01283771,-33.01283771
Cluster_709,1,1,31.01052943,0.0,31.01052943
Cluster_71,1,2,0.0,0.263,-0.263
Cluster_710,1,1,2.00230828,0.0,2.00230828
Cluster_711,1,1,1.0,0.0,1.0
Cluster_712,1,1,22.659077,0.0,22.659077
Cluster_713,1,1,0.1,0.0,0.1
Cluster_714,1,1,24.71314264,0.0,24.71314264
Cluster_746,1,1,5.0,0.0,5.0
Cluster_747,1,1,1.0,0.0,1.0
Cluster_748,1,1,1.0,0.0,1.0
Cluster_749,1,1,0.2,0.0,0.2
Cluster_750,1,1,0.5,0.0,0.5
Cluster_718,1,1,0.0995,0.0,0.0995
Cluster_719,1,1,1.41391537,0.0,1.41391537
Cluster_720,1,1,0.01,0.0,0.01
Cluster_721,1,1,0.09166,0.0,0.09166
Cluster_722,1,1,18.3235,0.0,18.3235
Cluster_723,1,1,0.01,0.0,0.01
Cluster_724,1,1,2.0,0.0,2.0
Cluster_725,1,2,2.429,5.4095,-2.9805000000000006
Cluster_727,1,1,0.01061615,0.0,0.01061615
Cluster_728,1,1,0.35152872,0.0,0.35152872
Cluster_731,1,1,0.002,0.0,0.002
Cluster_760,1,1,16.03,0.0,16.03
Cluster_763,1,1,3.7773,0.0,3.7773
Cluster_764,1,1,0.0003,0.0,0.0003
Cluster_766,1,1,1.092888,0.0,1.092888
Cluster_767,1,1,1e-06,0.0,1e-06
Cluster_768,1,1,0.00246993,0.0,0.00246993
Cluster_769,1,1,2.0,0.0,2.0
Cluster_735,1,1,11.50266,0.0,11.50266
Cluster_736,1,1,8e-05,0.0,8e-05
Cluster_739,1,1,0.3,0.0,0.3
Cluster_740,1,1,1.0,0.0,1.0
Cluster_741,1,1,1.0,0.0,1.0
Cluster_742,1,1,5.03241653,0.0,5.03241653
Cluster_743,1,1,0.5,0.0,0.5
Cluster_744,1,1,2.0,0.0,2.0
Cluster_745,1,1,1.0,0.0,1.0
Cluster_87,1,1,0.432,0.0,0.432
Cluster_89,1,3,0.0,47.57392165,-47.57392165
Cluster_91,1,1,0.4115,0.0,0.4115
Cluster_92,1,2,0.0,1.6479487499999999,-1.6479487499999999
Cluster_95,1,1,0.0,2.0,-2.0
Cluster_97,1,2,0.0,30.5,-30.5
Cluster_788,1,1,0.0,0.015977,-0.015977
Cluster_789,1,1,0.011377,0.0,0.011377
Cluster_751,1,1,0.1,0.0,0.1
Cluster_752,1,1,0.1,0.0,0.1
Cluster_753,1,1,0.1,0.0,0.1
Cluster_754,1,1,0.1,0.0,0.1
Cluster_755,1,1,0.2,0.0,0.2
Cluster_756,1,1,3.0,0.0,3.0
Cluster_757,1,1,0.1,0.0,0.1
Cluster_759,1,1,0.01000013,0.0,0.01000013
Cluster_125,1,1,0.00123457,0.0,0.00123457
Cluster_113,1,1,12.53963673,0.0,12.53963673
Cluster_792,1,1,0.02129536,0.0,0.02129536
Cluster_793,1,1,0.04145321,0.0,0.04145321
Cluster_795,1,1,0.0,0.03,-0.03
Cluster_796,1,1,0.0195,0.0,0.0195
Cluster_797,1,1,0.01,0.0,0.01
Cluster_112,1,1,0.0138,0.0,0.0138
Cluster_801,1,1,0.01,0.0,0.01
Cluster_802,1,1,0.0,0.00408879,-0.00408879
Cluster_803,1,1,0.00258879,0.0,0.00258879
Cluster_126,1,1,49.85286543,0.0,49.85286543
Cluster_127,1,1,0.0,38.81185948,-38.81185948
Cluster_128,1,1,0.0138,0.0,0.0138
Cluster_0,1,4,0.0,853.01000124,-853.01000124
Cluster_100,1,1,0.0,102.12,-102.12
Cluster_267,1,1,11.7518,0.0,11.7518
Cluster_268,1,1,0.1172,0.0,0.1172
Cluster_804,1,1,0.001,0.0,0.001
Cluster_81,1,9,0.0,2.0115,-2.0115
Cluster_83,1,4,0.0,240.30357636000002,-240.30357636000002
Cluster_77,1,33,0.0,0.4027,-0.4027
Cluster_770,1,1,0.00950431,0.0,0.00950431
Cluster_116,1,1,0.212772,0.0,0.212772
Cluster_117,1,1,61.92597494,0.0,61.92597494
Cluster_118,1,1,1.27,0.0,1.27
Cluster_119,1,1,0.0129254,0.0,0.0129254
Cluster_12,1,4,0.0,3.4939999999999998,-3.4939999999999998
Cluster_120,1,1,1.0,0.0,1.0
Cluster_122,1,1,100.0,0.0,100.0
Cluster_123,1,1,140.30357636,0.0,140.30357636
Cluster_124,1,1,0.0,49.8591,-49.8591
